{
  "products": [
    {
      "id": "herb001",
      "name": {
        "fr": "Tisane de Menthe Poivrée",
        "en": "Peppermint Tea",
        "ar": "شاي النعناع"
      },
      "category": {
        "fr": "Tisanes",
        "en": "Herbal Teas",
        "ar": "شاي الأعشاب"
      },
      "price": 8.50,
      "currency": "USD",
      "image": "images/products/peppermint_tea.jpg",
      "description": {
        "fr": "Notre tisane de menthe poivrée biologique aide à soulager les troubles digestifs, les ballonnements et les nausées. Récoltée à la main et séchée naturellement pour préserver ses huiles essentielles riches en menthol.",
        "en": "Our organic peppermint tea helps relieve digestive disorders, bloating, and nausea. Hand-harvested and naturally dried to preserve its essential oils rich in menthol.",
        "ar": "شاي النعناع العضوي لدينا يساعد على تخفيف اضطرابات الجهاز الهضمي والانتفاخ والغثيان. يتم حصاده يدويًا وتجفيفه بشكل طبيعي للحفاظ على زيوته الأساسية الغنية بالمنثول."
      },
      "benefits": {
        "fr": ["Soulage les troubles digestifs", "Combat les nausées", "Rafraîchissant et apaisant", "Riche en antioxydants"],
        "en": ["Relieves digestive disorders", "Combats nausea", "Refreshing and soothing", "Rich in antioxidants"],
        "ar": ["يخفف اضطرابات الجهاز الهضمي", "يكافح الغثيان", "منعش ومهدئ", "غني بمضادات الأكسدة"]
      },
      "usage": {
        "fr": "Infuser 1-2 cuillères à café dans de l'eau chaude pendant 5-7 minutes. Boire 2-3 tasses par jour après les repas.",
        "en": "Steep 1-2 teaspoons in hot water for 5-7 minutes. Drink 2-3 cups daily after meals.",
        "ar": "انقع 1-2 ملعقة صغيرة في الماء الساخن لمدة 5-7 دقائق. اشرب 2-3 أكواب يوميًا بعد الوجبات."
      },
      "weight": "50g",
      "stock": 25,
      "featured": true
    },
    {
      "id": "herb002",
      "name": {
        "fr": "Tisane de Camomille",
        "en": "Chamomile Tea",
        "ar": "شاي البابونج"
      },
      "category": {
        "fr": "Tisanes",
        "en": "Herbal Teas",
        "ar": "شاي الأعشاب"
      },
      "price": 7.95,
      "currency": "USD",
      "image": "images/products/chamomile_tea.jpg",
      "description": {
        "fr": "Notre tisane de camomille biologique est parfaite pour favoriser la détente et un sommeil réparateur. Ses fleurs délicates sont cueillies à la main au moment optimal de leur floraison pour garantir la plus haute qualité.",
        "en": "Our organic chamomile tea is perfect for promoting relaxation and restful sleep. Its delicate flowers are hand-picked at the optimal time of their bloom to ensure the highest quality.",
        "ar": "شاي البابونج العضوي لدينا مثالي لتعزيز الاسترخاء والنوم المريح. يتم قطف أزهاره الرقيقة يدويًا في الوقت الأمثل من تفتحها لضمان أعلى جودة."
      },
      "benefits": {
        "fr": ["Favorise le sommeil", "Réduit le stress et l'anxiété", "Apaise les troubles digestifs", "Anti-inflammatoire naturel"],
        "en": ["Promotes sleep", "Reduces stress and anxiety", "Soothes digestive issues", "Natural anti-inflammatory"],
        "ar": ["يعزز النوم", "يقلل التوتر والقلق", "يهدئ مشاكل الجهاز الهضمي", "مضاد طبيعي للالتهابات"]
      },
      "usage": {
        "fr": "Infuser 1-2 cuillères à café dans de l'eau chaude pendant 5 minutes. Boire 1 tasse avant le coucher pour favoriser le sommeil.",
        "en": "Steep 1-2 teaspoons in hot water for 5 minutes. Drink 1 cup before bedtime to promote sleep.",
        "ar": "انقع 1-2 ملعقة صغيرة في الماء الساخن لمدة 5 دقائق. اشرب كوبًا واحدًا قبل النوم لتعزيز النوم."
      },
      "weight": "40g",
      "stock": 30,
      "featured": true
    },
    {
      "id": "herb003",
      "name": {
        "fr": "Huile de Millepertuis",
        "en": "St. John's Wort Oil",
        "ar": "زيت سانت جون ورت"
      },
      "category": {
        "fr": "Huiles Médicinales",
        "en": "Medicinal Oils",
        "ar": "الزيوت الطبية"
      },
      "price": 14.50,
      "currency": "USD",
      "image": "images/products/stjohnswort_oil.jpg",
      "description": {
        "fr": "Notre huile de millepertuis est infusée lentement dans de l'huile d'olive biologique pour extraire ses composés actifs. Idéale pour les applications topiques sur les brûlures légères, les irritations cutanées et les douleurs musculaires.",
        "en": "Our St. John's Wort oil is slowly infused in organic olive oil to extract its active compounds. Ideal for topical applications on minor burns, skin irritations, and muscle pain.",
        "ar": "يتم نقع زيت سانت جون ورت لدينا ببطء في زيت الزيتون العضوي لاستخراج مركباته النشطة. مثالي للتطبيقات الموضعية على الحروق الطفيفة وتهيج الجلد وآلام العضلات."
      },
      "benefits": {
        "fr": ["Cicatrisant puissant", "Soulage les douleurs nerveuses", "Anti-inflammatoire", "Apaise les irritations cutanées"],
        "en": ["Powerful healing agent", "Relieves nerve pain", "Anti-inflammatory", "Soothes skin irritations"],
        "ar": ["عامل شفاء قوي", "يخفف آلام الأعصاب", "مضاد للالتهابات", "يهدئ تهيجات الجلد"]
      },
      "usage": {
        "fr": "Appliquer quelques gouttes sur la zone concernée 2-3 fois par jour. Usage externe uniquement.",
        "en": "Apply a few drops to the affected area 2-3 times daily. External use only.",
        "ar": "ضع بضع قطرات على المنطقة المصابة 2-3 مرات يوميًا. للاستخدام الخارجي فقط."
      },
      "volume": "50ml",
      "stock": 15,
      "featured": false
    },
    {
      "id": "herb004",
      "name": {
        "fr": "Teinture de Valériane",
        "en": "Valerian Tincture",
        "ar": "صبغة الناردين"
      },
      "category": {
        "fr": "Teintures",
        "en": "Tinctures",
        "ar": "الصبغات"
      },
      "price": 12.75,
      "currency": "USD",
      "image": "images/products/valerian_tincture.jpg",
      "description": {
        "fr": "Notre teinture de valériane est préparée à partir de racines fraîches biologiques pour une efficacité maximale. Un remède naturel puissant pour l'insomnie et l'anxiété, favorisant un sommeil profond et réparateur.",
        "en": "Our valerian tincture is prepared from fresh organic roots for maximum effectiveness. A powerful natural remedy for insomnia and anxiety, promoting deep and restful sleep.",
        "ar": "يتم تحضير صبغة الناردين لدينا من جذور عضوية طازجة لتحقيق أقصى قدر من الفعالية. علاج طبيعي قوي للأرق والقلق، يعزز النوم العميق والمريح."
      },
      "benefits": {
        "fr": ["Combat l'insomnie", "Réduit l'anxiété", "Relaxant musculaire naturel", "Améliore la qualité du sommeil"],
        "en": ["Combats insomnia", "Reduces anxiety", "Natural muscle relaxant", "Improves sleep quality"],
        "ar": ["يكافح الأرق", "يقلل القلق", "مرخي طبيعي للعضلات", "يحسن جودة النوم"]
      },
      "usage": {
        "fr": "Prendre 20-30 gouttes dans un peu d'eau 30 minutes avant le coucher. Ne pas dépasser la dose recommandée.",
        "en": "Take 20-30 drops in a little water 30 minutes before bedtime. Do not exceed the recommended dose.",
        "ar": "خذ 20-30 قطرة في القليل من الماء قبل 30 دقيقة من النوم. لا تتجاوز الجرعة الموصى بها."
      },
      "volume": "30ml",
      "stock": 20,
      "featured": false
    },
    {
      "id": "herb005",
      "name": {
        "fr": "Mélange Digestif",
        "en": "Digestive Blend",
        "ar": "مزيج الهضم"
      },
      "category": {
        "fr": "Mélanges d'Herbes",
        "en": "Herbal Blends",
        "ar": "خلطات الأعشاب"
      },
      "price": 9.95,
      "currency": "USD",
      "image": "images/products/digestive_blend.jpg",
      "description": {
        "fr": "Notre mélange digestif combine fenouil, menthe poivrée, gingembre et camomille pour soulager efficacement les troubles digestifs. Une formule équilibrée pour apaiser l'estomac et favoriser une digestion saine.",
        "en": "Our digestive blend combines fennel, peppermint, ginger, and chamomile to effectively relieve digestive issues. A balanced formula to soothe the stomach and promote healthy digestion.",
        "ar": "يجمع مزيج الهضم لدينا بين الشمر والنعناع والزنجبيل والبابونج لتخفيف مشاكل الجهاز الهضمي بشكل فعال. تركيبة متوازنة لتهدئة المعدة وتعزيز الهضم الصحي."
      },
      "benefits": {
        "fr": ["Soulage les ballonnements", "Réduit les spasmes intestinaux", "Combat les nausées", "Favorise une digestion saine"],
        "en": ["Relieves bloating", "Reduces intestinal spasms", "Combats nausea", "Promotes healthy digestion"],
        "ar": ["يخفف الانتفاخ", "يقلل تشنجات الأمعاء", "يكافح الغثيان", "يعزز الهضم الصحي"]
      },
      "usage": {
        "fr": "Infuser 1-2 cuillères à café dans de l'eau chaude pendant 7-10 minutes. Boire après les repas pour faciliter la digestion.",
        "en": "Steep 1-2 teaspoons in hot water for 7-10 minutes. Drink after meals to aid digestion.",
        "ar": "انقع 1-2 ملعقة صغيرة في الماء الساخن لمدة 7-10 دقائق. اشرب بعد الوجبات للمساعدة في الهضم."
      },
      "weight": "60g",
      "stock": 18,
      "featured": true
    },
    {
      "id": "herb006",
      "name": {
        "fr": "Baume de Calendula",
        "en": "Calendula Balm",
        "ar": "بلسم الكاليندولا"
      },
      "category": {
        "fr": "Soins de la Peau",
        "en": "Skin Care",
        "ar": "العناية بالبشرة"
      },
      "price": 11.25,
      "currency": "USD",
      "image": "images/products/calendula_balm.jpg",
      "description": {
        "fr": "Notre baume de calendula est fabriqué à partir de fleurs de calendula biologiques infusées dans une base de beurre de karité et d'huile d'olive. Un traitement apaisant pour les peaux sensibles, les irritations et les petites coupures.",
        "en": "Our calendula balm is made from organic calendula flowers infused in a base of shea butter and olive oil. A soothing treatment for sensitive skin, irritations, and minor cuts.",
        "ar": "يتم تصنيع بلسم الكاليندولا لدينا من أزهار الكاليندولا العضوية المنقوعة في قاعدة من زبدة الشيا وزيت الزيتون. علاج مهدئ للبشرة الحساسة والتهيجات والجروح الصغيرة."
      },
      "benefits": {
        "fr": ["Cicatrisant naturel", "Apaise les irritations cutanées", "Hydratant", "Anti-inflammatoire"],
        "en": ["Natural healing agent", "Soothes skin irritations", "Moisturizing", "Anti-inflammatory"],
        "ar": ["عامل شفاء طبيعي", "يهدئ تهيجات الجلد", "مرطب", "مضاد للالتهابات"]
      },
      "usage": {
        "fr": "Appliquer une petite quantité sur la zone concernée 2-3 fois par jour. Idéal pour les peaux sensibles et les irritations mineures.",
        "en": "Apply a small amount to the affected area 2-3 times daily. Ideal for sensitive skin and minor irritations.",
        "ar": "ضع كمية صغيرة على المنطقة المصابة 2-3 مرات يوميًا. مثالي للبشرة الحساسة والتهيجات الطفيفة."
      },
      "weight": "30g",
      "stock": 22,
      "featured": false
    }
  ],
  "categories": [
    {
      "id": "cat001",
      "name": {
        "fr": "Tisanes",
        "en": "Herbal Teas",
        "ar": "شاي الأعشاب"
      }
    },
    {
      "id": "cat002",
      "name": {
        "fr": "Huiles Médicinales",
        "en": "Medicinal Oils",
        "ar": "الزيوت الطبية"
      }
    },
    {
      "id": "cat003",
      "name": {
        "fr": "Teintures",
        "en": "Tinctures",
        "ar": "الصبغات"
      }
    },
    {
      "id": "cat004",
      "name": {
        "fr": "Mélanges d'Herbes",
        "en": "Herbal Blends",
        "ar": "خلطات الأعشاب"
      }
    },
    {
      "id": "cat005",
      "name": {
        "fr": "Soins de la Peau",
        "en": "Skin Care",
        "ar": "العناية بالبشرة"
      }
    }
  ]
}

